date,M2
1980/11/3,1591.4
1980/11/10,1592.9
1980/11/17,1596.3
1980/11/24,1597.2
1980/12/1,1596.1
1980/12/8,1597
1980/12/15,1599.5
1980/12/22,1599.3
1980/12/29,1595.6
1981/1/5,1596.6
1981/1/12,1600.1
1981/1/19,1606.8
1981/1/26,1609.4
1981/2/2,1608.6
1981/2/9,1614
1981/2/16,1618.9
1981/2/23,1623.3
1981/3/2,1626.1
1981/3/9,1630.5
1981/3/16,1636.2
1981/3/23,1640.8
1981/3/30,1646.7
1981/4/6,1652.3
1981/4/13,1658.4
1981/4/20,1663.4
1981/4/27,1664.1
1981/5/4,1663.9
1981/5/11,1663.8
1981/5/18,1662.6
1981/5/25,1663.3
1981/6/1,1666.1
1981/6/8,1666.4
1981/6/15,1669.8
1981/6/22,1672.8
1981/6/29,1671.9
1981/7/6,1678.2
1981/7/13,1677.9
1981/7/20,1683.5
1981/7/27,1685.8
1981/8/3,1688.2
1981/8/10,1694
1981/8/17,1695.2
1981/8/24,1697.6
1981/8/31,1701.2
1981/9/7,1702.3
1981/9/14,1707.4
1981/9/21,1708.3
1981/9/28,1707.8
1981/10/5,1714
1981/10/12,1719.6
1981/10/19,1722.9
1981/10/26,1725.3
1981/11/2,1727.6
1981/11/9,1732.2
1981/11/16,1736.2
1981/11/23,1736.6
1981/11/30,1743.5
1981/12/7,1749.2
1981/12/14,1751.5
1981/12/21,1755.1
1981/12/28,1753.7
1982/1/4,1756.5
1982/1/11,1761.8
1982/1/18,1766.6
1982/1/25,1769.5
1982/2/1,1773.1
1982/2/8,1771.4
1982/2/15,1774.3
1982/2/22,1775.4
1982/3/1,1778.4
1982/3/8,1781.6
1982/3/15,1786.2
1982/3/22,1789.3
1982/3/29,1793.7
1982/4/5,1800
1982/4/12,1805.2
1982/4/19,1806.7
1982/4/26,1806.7
1982/5/3,1805.7
1982/5/10,1809.7
1982/5/17,1812.1
1982/5/24,1816.5
1982/5/31,1821
1982/6/7,1823
1982/6/14,1826
1982/6/21,1826.5
1982/6/28,1824.6
1982/7/5,1827.5
1982/7/12,1828.7
1982/7/19,1830.4
1982/7/26,1834.2
1982/8/2,1837
1982/8/9,1841.1
1982/8/16,1846.1
1982/8/23,1849.9
1982/8/30,1853.4
1982/9/6,1855.9
1982/9/13,1859.2
1982/9/20,1861.2
1982/9/27,1860.1
1982/10/4,1863.9
1982/10/11,1865.5
1982/10/18,1869.3
1982/10/25,1873.4
1982/11/1,1878.8
1982/11/8,1881.4
1982/11/15,1885
1982/11/22,1887.6
1982/11/29,1888.5
1982/12/6,1891.7
1982/12/13,1892.3
1982/12/20,1909.9
1982/12/27,1917.5
1983/1/3,1927
1983/1/10,1943.2
1983/1/17,1955.6
1983/1/24,1965.3
1983/1/31,1976
1983/2/7,1986.5
1983/2/14,1993.1
1983/2/21,1998.4
1983/2/28,2005
1983/3/7,2009.8
1983/3/14,2010.7
1983/3/21,2015.1
1983/3/28,2018.2
1983/4/4,2023.1
1983/4/11,2025.1
1983/4/18,2024.5
1983/4/25,2028.1
1983/5/2,2036.3
1983/5/9,2037.4
1983/5/16,2041.4
1983/5/23,2042.5
1983/5/30,2044.8
1983/6/6,2049.1
1983/6/13,2052.6
1983/6/20,2052.6
1983/6/27,2054.5
1983/7/4,2060.3
1983/7/11,2065.1
1983/7/18,2065.3
1983/7/25,2068.3
1983/8/1,2070.8
1983/8/8,2069.7
1983/8/15,2072.1
1983/8/22,2072.9
1983/8/29,2073.5
1983/9/5,2077.2
1983/9/12,2077.3
1983/9/19,2079.2
1983/9/26,2084
1983/10/3,2087
1983/10/10,2093.1
1983/10/17,2095.5
1983/10/24,2099.6
1983/10/31,2102.9
1983/11/7,2102.8
1983/11/14,2104.2
1983/11/21,2105.1
1983/11/28,2107.8
1983/12/5,2112.9
1983/12/12,2117.7
1983/12/19,2121.1
1983/12/26,2122.6
1984/1/2,2127.6
1984/1/9,2133.4
1984/1/16,2137.7
1984/1/23,2140
1984/1/30,2140.7
1984/2/6,2152.1
1984/2/13,2164.5
1984/2/20,2137.7
1984/2/27,2129.2
1984/3/5,2147.7
1984/3/12,2166.7
1984/3/19,2181.2
1984/3/26,2190.8
1984/4/2,2192.6
1984/4/9,2191.8
1984/4/16,2192.8
1984/4/23,2194
1984/4/30,2194.7
1984/5/7,2199
1984/5/14,2204.9
1984/5/21,2207.9
1984/5/28,2209.3
1984/6/4,2214.2
1984/6/11,2216.8
1984/6/18,2218
1984/6/25,2220.9
1984/7/2,2224.6
1984/7/9,2224.5
1984/7/16,2228.8
1984/7/23,2229.7
1984/7/30,2229.3
1984/8/6,2230.6
1984/8/13,2230.6
1984/8/20,2232.1
1984/8/27,2233.5
1984/9/3,2236.4
1984/9/10,2241.1
1984/9/17,2244
1984/9/24,2246.8
1984/10/1,2253.5
1984/10/8,2253.1
1984/10/15,2259.2
1984/10/22,2258.8
1984/10/29,2264.4
1984/11/5,2270.8
1984/11/12,2275.9
1984/11/19,2283.2
1984/11/26,2286.2
1984/12/3,2287.6
1984/12/10,2297.1
1984/12/17,2303.4
1984/12/24,2311.4
1984/12/31,2316.8
1985/1/7,2322.9
1985/1/14,2331.8
1985/1/21,2337.3
1985/1/28,2341.3
1985/2/4,2344
1985/2/11,2345.8
1985/2/18,2349.5
1985/2/25,2352.2
1985/3/4,2357.3
1985/3/11,2359
1985/3/18,2360.8
1985/3/25,2366.3
1985/4/1,2370.6
1985/4/8,2368.5
1985/4/15,2371.4
1985/4/22,2375.5
1985/4/29,2374.5
1985/5/6,2377.6
1985/5/13,2381.5
1985/5/20,2386.8
1985/5/27,2390.4
1985/6/3,2393.2
1985/6/10,2403.4
1985/6/17,2409.3
1985/6/24,2418
1985/7/1,2425.3
1985/7/8,2422.9
1985/7/15,2427.3
1985/7/22,2430.1
1985/7/29,2432
1985/8/5,2435.3
1985/8/12,2437.4
1985/8/19,2438.8
1985/8/26,2442.3
1985/9/2,2441.9
1985/9/9,2444.6
1985/9/16,2446.7
1985/9/23,2450.2
1985/9/30,2462.1
1985/10/7,2460.8
1985/10/14,2461.4
1985/10/21,2467.1
1985/10/28,2467.8
1985/11/4,2469.8
1985/11/11,2470.2
1985/11/18,2473.6
1985/11/25,2479.5
1985/12/2,2482.6
1985/12/9,2486.8
1985/12/16,2489.6
1985/12/23,2495.1
1985/12/30,2494.3
1986/1/6,2501.2
1986/1/13,2499.6
1986/1/20,2503.7
1986/1/27,2509.1
1986/2/3,2505.7
1986/2/10,2510.6
1986/2/17,2512.6
1986/2/24,2517.8
1986/3/3,2521
1986/3/10,2528.8
1986/3/17,2535.3
1986/3/24,2541
1986/3/31,2547.8
1986/4/7,2553.7
1986/4/14,2555.4
1986/4/21,2562.4
1986/4/28,2568.9
1986/5/5,2575.8
1986/5/12,2580.3
1986/5/19,2585.2
1986/5/26,2591.2
1986/6/2,2594.2
1986/6/9,2601.7
1986/6/16,2609.6
1986/6/23,2615.2
1986/6/30,2620.2
1986/7/7,2624
1986/7/14,2629.4
1986/7/21,2635.1
1986/7/28,2638.9
1986/8/4,2643.3
1986/8/11,2647.8
1986/8/18,2650.5
1986/8/25,2653.5
1986/9/1,2660.9
1986/9/8,2663.4
1986/9/15,2665.6
1986/9/22,2674.8
1986/9/29,2680.3
1986/10/6,2683.1
1986/10/13,2683.9
1986/10/20,2689.6
1986/10/27,2693.8
1986/11/3,2694.9
1986/11/10,2698.3
1986/11/17,2702.4
1986/11/24,2703.5
1986/12/1,2714
1986/12/8,2713.1
1986/12/15,2719.1
1986/12/22,2730.6
1986/12/29,2744.1
1987/1/5,2757.9
1987/1/12,2745
1987/1/19,2742
1987/1/26,2745.2
1987/2/2,2742.7
1987/2/9,2741.2
1987/2/16,2741.3
1987/2/23,2742.6
1987/3/2,2744.3
1987/3/9,2748.2
1987/3/16,2752
1987/3/23,2752.1
1987/3/30,2755.4
1987/4/6,2757.6
1987/4/13,2758.7
1987/4/20,2771.5
1987/4/27,2773.5
1987/5/4,2768.4
1987/5/11,2763
1987/5/18,2764.6
1987/5/25,2770
1987/6/1,2773.2
1987/6/8,2769.8
1987/6/15,2771
1987/6/22,2773
1987/6/29,2772.8
1987/7/6,2778.8
1987/7/13,2773.3
1987/7/20,2777.5
1987/7/27,2781.1
1987/8/3,2779.1
1987/8/10,2782.8
1987/8/17,2783.8
1987/8/24,2785.2
1987/8/31,2785.1
1987/9/7,2784.5
1987/9/14,2790.6
1987/9/21,2795
1987/9/28,2797.4
1987/10/5,2804.3
1987/10/12,2800.8
1987/10/19,2809.3
1987/10/26,2827.2
1987/11/2,2819.3
1987/11/9,2815.9
1987/11/16,2816.2
1987/11/23,2817.1
1987/11/30,2817.8
1987/12/7,2820.8
1987/12/14,2823.5
1987/12/21,2826.4
1987/12/28,2828.6
1988/1/4,2830
1988/1/11,2836
1988/1/18,2846.9
1988/1/25,2854.8
1988/2/1,2863.2
1988/2/8,2862.3
1988/2/15,2867.9
1988/2/22,2875
1988/2/29,2875.3
1988/3/7,2882.4
1988/3/14,2889.4
1988/3/21,2897.4
1988/3/28,2901.5
1988/4/4,2905.1
1988/4/11,2909.4
1988/4/18,2912.1
1988/4/25,2920
1988/5/2,2917.4
1988/5/9,2918.3
1988/5/16,2922.7
1988/5/23,2927
1988/5/30,2929.5
1988/6/6,2935.2
1988/6/13,2937.5
1988/6/20,2944.8
1988/6/27,2949.1
1988/7/4,2947.5
1988/7/11,2950.1
1988/7/18,2952.3
1988/7/25,2955.4
1988/8/1,2958.6
1988/8/8,2956.2
1988/8/15,2958.4
1988/8/22,2959.7
1988/8/29,2960.2
1988/9/5,2959.5
1988/9/12,2958.7
1988/9/19,2962.5
1988/9/26,2964.6
1988/10/3,2961.9
1988/10/10,2964.6
1988/10/17,2969.4
1988/10/24,2969.1
1988/10/31,2972.3
1988/11/7,2978.9
1988/11/14,2982.1
1988/11/21,2985.3
1988/11/28,2988.4
1988/12/5,2987
1988/12/12,2989
1988/12/19,2989.2
1988/12/26,2989.5
1989/1/2,2994.1
1989/1/9,2993.8
1989/1/16,2994.7
1989/1/23,2994.6
1989/1/30,2989.3
1989/2/6,2987.5
1989/2/13,2985.3
1989/2/20,2987.1
1989/2/27,2988.7
1989/3/6,2997.3
1989/3/13,2995.8
1989/3/20,2999.5
1989/3/27,3002.7
1989/4/3,3000.6
1989/4/10,3001.5
1989/4/17,3004
1989/4/24,3008.9
1989/5/1,3009.1
1989/5/8,3001.9
1989/5/15,3004.2
1989/5/22,3005.7
1989/5/29,3009.7
1989/6/5,3015.1
1989/6/12,3018.8
1989/6/19,3023.9
1989/6/26,3030.6
1989/7/3,3036.9
1989/7/10,3048
1989/7/17,3050.5
1989/7/24,3053.8
1989/7/31,3056.7
1989/8/7,3064.4
1989/8/14,3068.3
1989/8/21,3072.6
1989/8/28,3075.3
1989/9/4,3076.1
1989/9/11,3082.6
1989/9/18,3086.4
1989/9/25,3090.8
1989/10/2,3098.9
1989/10/9,3105.3
1989/10/16,3111.5
1989/10/23,3116.6
1989/10/30,3118.6
1989/11/6,3126.5
1989/11/13,3129.5
1989/11/20,3132.5
1989/11/27,3138.9
1989/12/4,3142.2
1989/12/11,3146.2
1989/12/18,3150.2
1989/12/25,3157.3
1990/1/1,3161.1
1990/1/8,3164.1
1990/1/15,3164.4
1990/1/22,3166.4
1990/1/29,3167.6
1990/2/5,3175.4
1990/2/12,3177.1
1990/2/19,3179.9
1990/2/26,3185.2
1990/3/5,3186.6
1990/3/12,3187.4
1990/3/19,3188.7
1990/3/26,3194.2
1990/4/2,3196.5
1990/4/9,3197.9
1990/4/16,3200.6
1990/4/23,3202.9
1990/4/30,3205.9
1990/5/7,3199.1
1990/5/14,3199.9
1990/5/21,3201.5
1990/5/28,3201.1
1990/6/4,3205.9
1990/6/11,3208.7
1990/6/18,3213.7
1990/6/25,3217.1
1990/7/2,3223.8
1990/7/9,3219.3
1990/7/16,3225.1
1990/7/23,3224.8
1990/7/30,3228.2
1990/8/6,3231.3
1990/8/13,3240.3
1990/8/20,3244.6
1990/8/27,3246.6
1990/9/3,3250.7
1990/9/10,3252.7
1990/9/17,3252.6
1990/9/24,3254.5
1990/10/1,3262.4
1990/10/8,3260.4
1990/10/15,3259.4
1990/10/22,3256.8
1990/10/29,3259.8
1990/11/5,3259.6
1990/11/12,3261.4
1990/11/19,3263.8
1990/11/26,3267.2
1990/12/3,3257.5
1990/12/10,3266.1
1990/12/17,3270.7
1990/12/24,3276.1
1990/12/31,3280.6
1991/1/7,3280.1
1991/1/14,3282.6
1991/1/21,3289.1
1991/1/28,3294.4
1991/2/4,3298.8
1991/2/11,3303.7
1991/2/18,3303
1991/2/25,3306.7
1991/3/4,3312.2
1991/3/11,3316.1
1991/3/18,3319.3
1991/3/25,3327.1
1991/4/1,3332.1
1991/4/8,3330.7
1991/4/15,3334.6
1991/4/22,3331.9
1991/4/29,3331.7
1991/5/6,3337.6
1991/5/13,3342.9
1991/5/20,3345.7
1991/5/27,3345.6
1991/6/3,3342.1
1991/6/10,3351
1991/6/17,3351.8
1991/6/24,3351.1
1991/7/1,3359.1
1991/7/8,3355.2
1991/7/15,3357
1991/7/22,3356.8
1991/7/29,3355.4
1991/8/5,3354.5
1991/8/12,3354.6
1991/8/19,3353.4
1991/8/26,3358.5
1991/9/2,3353.5
1991/9/9,3356.5
1991/9/16,3355.4
1991/9/23,3354.5
1991/9/30,3353.8
1991/10/7,3356.8
1991/10/14,3358.1
1991/10/21,3362.4
1991/10/28,3363.2
1991/11/4,3360.3
1991/11/11,3365.2
1991/11/18,3365
1991/11/25,3366.5
1991/12/2,3369.4
1991/12/9,3372.4
1991/12/16,3379.5
1991/12/23,3371.1
1991/12/30,3367.7
1992/1/6,3365.7
1992/1/13,3374.9
1992/1/20,3381.7
1992/1/27,3393.5
1992/2/3,3392.9
1992/2/10,3398.9
1992/2/17,3400.8
1992/2/24,3402.5
1992/3/2,3401.1
1992/3/9,3404.6
1992/3/16,3407.2
1992/3/23,3404
1992/3/30,3401.1
1992/4/6,3400.2
1992/4/13,3401.6
1992/4/20,3397.8
1992/4/27,3399.4
1992/5/4,3399.3
1992/5/11,3401
1992/5/18,3398.3
1992/5/25,3397
1992/6/1,3397.5
1992/6/8,3393.7
1992/6/15,3396.5
1992/6/22,3394.3
1992/6/29,3389.1
1992/7/6,3390.9
1992/7/13,3393.6
1992/7/20,3395
1992/7/27,3396.5
1992/8/3,3392.2
1992/8/10,3396.8
1992/8/17,3397.1
1992/8/24,3398.7
1992/8/31,3405.3
1992/9/7,3403.1
1992/9/14,3408.7
1992/9/21,3412.4
1992/9/28,3416.3
1992/10/5,3413.6
1992/10/12,3423
1992/10/19,3421.5
1992/10/26,3429.2
1992/11/2,3430.9
1992/11/9,3430.5
1992/11/16,3428.3
1992/11/23,3421.5
1992/11/30,3424.3
1992/12/7,3427.7
1992/12/14,3428.4
1992/12/21,3421.6
1992/12/28,3423.1
1993/1/4,3418.7
1993/1/11,3422.2
1993/1/18,3416.8
1993/1/25,3415.5
1993/2/1,3414.9
1993/2/8,3410.1
1993/2/15,3414.6
1993/2/22,3415.7
1993/3/1,3414.7
1993/3/8,3411.5
1993/3/15,3411.1
1993/3/22,3409.6
1993/3/29,3409.7
1993/4/5,3409.1
1993/4/12,3410.1
1993/4/19,3405.1
1993/4/26,3411.1
1993/5/3,3425.5
1993/5/10,3437.4
1993/5/17,3437.2
1993/5/24,3434.3
1993/5/31,3445.5
1993/6/7,3444.6
1993/6/14,3446.2
1993/6/21,3442.2
1993/6/28,3438.2
1993/7/5,3436.1
1993/7/12,3443.7
1993/7/19,3443.2
1993/7/26,3442.3
1993/8/2,3443.6
1993/8/9,3446.8
1993/8/16,3447.5
1993/8/23,3443.9
1993/8/30,3444.7
1993/9/6,3447.6
1993/9/13,3453.1
1993/9/20,3453.7
1993/9/27,3453.4
1993/10/4,3453.3
1993/10/11,3457.8
1993/10/18,3453.6
1993/10/25,3453.7
1993/11/1,3464.7
1993/11/8,3466.7
1993/11/15,3473.2
1993/11/22,3470.8
1993/11/29,3469.6
1993/12/6,3476.2
1993/12/13,3477.8
1993/12/20,3473.6
1993/12/27,3474.6
1994/1/3,3467.3
1994/1/10,3473.8
1994/1/17,3478.1
1994/1/24,3477.1
1994/1/31,3473.9
1994/2/7,3474.6
1994/2/14,3478.7
1994/2/21,3475.4
1994/2/28,3474.2
1994/3/7,3478
1994/3/14,3483.5
1994/3/21,3481.9
1994/3/28,3477.5
1994/4/4,3479.4
1994/4/11,3483.3
1994/4/18,3476.1
1994/4/25,3480.1
1994/5/2,3488.9
1994/5/9,3494.2
1994/5/16,3492.9
1994/5/23,3491.2
1994/5/30,3486.8
1994/6/6,3481.6
1994/6/13,3480
1994/6/20,3476.4
1994/6/27,3480.7
1994/7/4,3478.4
1994/7/11,3487.2
1994/7/18,3489
1994/7/25,3490.3
1994/8/1,3492.5
1994/8/8,3484
1994/8/15,3485.8
1994/8/22,3487.4
1994/8/29,3485.1
1994/9/5,3484.2
1994/9/12,3485.2
1994/9/19,3487.2
1994/9/26,3490.4
1994/10/3,3480.6
1994/10/10,3486.9
1994/10/17,3485.5
1994/10/24,3483.6
1994/10/31,3482.7
1994/11/7,3481.6
1994/11/14,3486
1994/11/21,3490.8
1994/11/28,3489.9
1994/12/5,3490.1
1994/12/12,3488.7
1994/12/19,3485.8
1994/12/26,3486.1
1995/1/2,3480.3
1995/1/9,3489.8
1995/1/16,3493.9
1995/1/23,3495.2
1995/1/30,3494.1
1995/2/6,3492.4
1995/2/13,3490.3
1995/2/20,3486.9
1995/2/27,3490.8
1995/3/6,3486.6
1995/3/13,3493.1
1995/3/20,3492.3
1995/3/27,3495.1
1995/4/3,3485.1
1995/4/10,3495.7
1995/4/17,3495.6
1995/4/24,3502.5
1995/5/1,3510.7
1995/5/8,3513.5
1995/5/15,3518.8
1995/5/22,3528.9
1995/5/29,3532.9
1995/6/5,3541.4
1995/6/12,3549.8
1995/6/19,3547.7
1995/6/26,3552.3
1995/7/3,3552.9
1995/7/10,3562.6
1995/7/17,3565.2
1995/7/24,3570.6
1995/7/31,3577.3
1995/8/7,3582.4
1995/8/14,3586.1
1995/8/21,3591.7
1995/8/28,3593.2
1995/9/4,3595.4
1995/9/11,3600.8
1995/9/18,3601.1
1995/9/25,3606.1
1995/10/2,3604.9
1995/10/9,3614.5
1995/10/16,3615
1995/10/23,3612.8
1995/10/30,3613
1995/11/6,3617.5
1995/11/13,3617.1
1995/11/20,3620
1995/11/27,3624
1995/12/4,3621
1995/12/11,3627.9
1995/12/18,3627
1995/12/25,3632.2
1996/1/1,3636.9
1996/1/8,3641.7
1996/1/15,3655.8
1996/1/22,3647.5
1996/1/29,3646.4
1996/2/5,3651.7
1996/2/12,3655.8
1996/2/19,3660.6
1996/2/26,3667.4
1996/3/4,3681.6
1996/3/11,3680.6
1996/3/18,3687.8
1996/3/25,3689.2
1996/4/1,3695.5
1996/4/8,3696.5
1996/4/15,3705.3
1996/4/22,3695.5
1996/4/29,3691.8
1996/5/6,3706.4
1996/5/13,3711
1996/5/20,3710
1996/5/27,3708.2
1996/6/3,3713.5
1996/6/10,3721.6
1996/6/17,3722.2
1996/6/24,3720.8
1996/7/1,3730.4
1996/7/8,3730.1
1996/7/15,3734.5
1996/7/22,3740.1
1996/7/29,3741.4
1996/8/5,3744.6
1996/8/12,3744.6
1996/8/19,3742.9
1996/8/26,3745.3
1996/9/2,3743.2
1996/9/9,3757.4
1996/9/16,3752.3
1996/9/23,3749.2
1996/9/30,3758.1
1996/10/7,3764
1996/10/14,3769.1
1996/10/21,3774.6
1996/10/28,3778.9
1996/11/4,3783.5
1996/11/11,3791.4
1996/11/18,3794.4
1996/11/25,3797.7
1996/12/2,3806.7
1996/12/9,3817.6
1996/12/16,3816.3
1996/12/23,3822
1996/12/30,3820
1997/1/6,3830.4
1997/1/13,3833.9
1997/1/20,3834.9
1997/1/27,3836.7
1997/2/3,3838.2
1997/2/10,3847.7
1997/2/17,3847.2
1997/2/24,3846.3
1997/3/3,3848.5
1997/3/10,3861.8
1997/3/17,3860.6
1997/3/24,3862
1997/3/31,3865.7
1997/4/7,3876.2
1997/4/14,3877.6
1997/4/21,3879.2
1997/4/28,3875
1997/5/5,3878
1997/5/12,3884.6
1997/5/19,3887.5
1997/5/26,3897.6
1997/6/2,3897.4
1997/6/9,3909.3
1997/6/16,3902.8
1997/6/23,3904
1997/6/30,3910.3
1997/7/7,3922.6
1997/7/14,3920.8
1997/7/21,3922
1997/7/28,3924.3
1997/8/4,3937.7
1997/8/11,3949.1
1997/8/18,3957.3
1997/8/25,3963.7
1997/9/1,3973.1
1997/9/8,3973.2
1997/9/15,3971.1
1997/9/22,3970.8
1997/9/29,3975.3
1997/10/6,3986.9
1997/10/13,3987.7
1997/10/20,3994.1
1997/10/27,3993.9
1997/11/3,4002.5
1997/11/10,4011.3
1997/11/17,4010.6
1997/11/24,4017
1997/12/1,4027.3
1997/12/8,4028.8
1997/12/15,4026.7
1997/12/22,4031.2
1997/12/29,4039.4
1998/1/5,4055.1
1998/1/12,4052.9
1998/1/19,4052.2
1998/1/26,4057.5
1998/2/2,4065.7
1998/2/9,4080.4
1998/2/16,4086
1998/2/23,4096
1998/3/2,4104.1
1998/3/9,4116.1
1998/3/16,4117
1998/3/23,4112.4
1998/3/30,4111.8
1998/4/6,4135.2
1998/4/13,4138.8
1998/4/20,4143.3
1998/4/27,4138.4
1998/5/4,4150.3
1998/5/11,4158.8
1998/5/18,4162.5
1998/5/25,4166.5
1998/6/1,4180
1998/6/8,4183.8
1998/6/15,4185.1
1998/6/22,4182.7
1998/6/29,4181.7
1998/7/6,4207.9
1998/7/13,4197.9
1998/7/20,4202.4
1998/7/27,4203.5
1998/8/3,4210.7
1998/8/10,4227.3
1998/8/17,4226
1998/8/24,4230.3
1998/8/31,4238.8
1998/9/7,4259.9
1998/9/14,4267.7
1998/9/21,4272.2
1998/9/28,4265.8
1998/10/5,4284.6
1998/10/12,4295.8
1998/10/19,4307.5
1998/10/26,4321.6
1998/11/2,4328.5
1998/11/9,4345.4
1998/11/16,4348.7
1998/11/23,4347.1
1998/11/30,4349.3
1998/12/7,4368.3
1998/12/14,4370.2
1998/12/21,4374.4
1998/12/28,4380
1999/1/4,4394.4
1999/1/11,4398.5
1999/1/18,4402.3
1999/1/25,4398.9
1999/2/1,4417.3
1999/2/8,4419.9
1999/2/15,4425.4
1999/2/22,4428.9
1999/3/1,4428.4
1999/3/8,4431
1999/3/15,4427.2
1999/3/22,4429.8
1999/3/29,4435.3
1999/4/5,4451.1
1999/4/12,4454.5
1999/4/19,4463.2
1999/4/26,4469.1
1999/5/3,4465
1999/5/10,4482.2
1999/5/17,4482.2
1999/5/24,4487.3
1999/5/31,4498.4
1999/6/7,4502.9
1999/6/14,4504.5
1999/6/21,4509.8
1999/6/28,4508.9
1999/7/5,4516.2
1999/7/12,4534.2
1999/7/19,4533.8
1999/7/26,4542.5
1999/8/2,4543
1999/8/9,4551.4
1999/8/16,4555.2
1999/8/23,4551.2
1999/8/30,4550.1
1999/9/6,4560.6
1999/9/13,4564.2
1999/9/20,4571.8
1999/9/27,4568.3
1999/10/4,4579.1
1999/10/11,4585.4
1999/10/18,4588
1999/10/25,4594.8
1999/11/1,4607.2
1999/11/8,4604.3
1999/11/15,4610.2
1999/11/22,4614.5
1999/11/29,4611.7
1999/12/6,4623.7
1999/12/13,4628.3
1999/12/20,4638.6
1999/12/27,4648.7
2000/1/3,4663.8
2000/1/10,4668.1
2000/1/17,4670.2
2000/1/24,4677.5
2000/1/31,4678.2
2000/2/7,4684.6
2000/2/14,4677.8
2000/2/21,4677.1
2000/2/28,4676.8
2000/3/6,4688.7
2000/3/13,4696.3
2000/3/20,4714.4
2000/3/27,4722
2000/4/3,4738.4
2000/4/10,4762.2
2000/4/17,4771.2
2000/4/24,4777.6
2000/5/1,4765.4
2000/5/8,4745
2000/5/15,4750.7
2000/5/22,4755.6
2000/5/29,4758.1
2000/6/5,4770
2000/6/12,4772.8
2000/6/19,4769.1
2000/6/26,4771.6
2000/7/3,4777.6
2000/7/10,4787.8
2000/7/17,4784.5
2000/7/24,4793.3
2000/7/31,4797.1
2000/8/7,4805.2
2000/8/14,4805.8
2000/8/21,4822
2000/8/28,4827.8
2000/9/4,4839.1
2000/9/11,4849.6
2000/9/18,4854.5
2000/9/25,4855.2
2000/10/2,4865.3
2000/10/9,4870.1
2000/10/16,4870.5
2000/10/23,4869.8
2000/10/30,4867.4
2000/11/6,4870.4
2000/11/13,4871.9
2000/11/20,4876.6
2000/11/27,4891.6
2000/12/4,4899.2
2000/12/11,4905.9
2000/12/18,4919.2
2000/12/25,4934.6
2001/1/1,4958.6
2001/1/8,4964.5
2001/1/15,4975.7
2001/1/22,4982.4
2001/1/29,4975
2001/2/5,4994.9
2001/2/12,5003.1
2001/2/19,5011.1
2001/2/26,5028.6
2001/3/5,5051.6
2001/3/12,5057.5
2001/3/19,5063.1
2001/3/26,5083.2
2001/4/2,5104.9
2001/4/9,5126.6
2001/4/16,5142.9
2001/4/23,5148.3
2001/4/30,5132.1
2001/5/7,5125.4
2001/5/14,5124.3
2001/5/21,5135.3
2001/5/28,5130.7
2001/6/4,5161.3
2001/6/11,5165.5
2001/6/18,5175.8
2001/6/25,5172.7
2001/7/2,5186.5
2001/7/9,5190.6
2001/7/16,5203.8
2001/7/23,5204.8
2001/7/30,5212.3
2001/8/6,5222
2001/8/13,5231.1
2001/8/20,5237
2001/8/27,5242.4
2001/9/3,5254.6
2001/9/10,5276.6
2001/9/17,5447.2
2001/9/24,5365.5
2001/10/1,5340.6
2001/10/8,5331.5
2001/10/15,5330.8
2001/10/22,5333.1
2001/10/29,5340.5
2001/11/5,5361.5
2001/11/12,5368.5
2001/11/19,5377.5
2001/11/26,5394.3
2001/12/3,5399.7
2001/12/10,5424.3
2001/12/17,5441.6
2001/12/24,5429.9
2001/12/31,5449.1
2002/1/7,5447.3
2002/1/14,5448.9
2002/1/21,5449.5
2002/1/28,5458.1
2002/2/4,5472.1
2002/2/11,5477.8
2002/2/18,5480.7
2002/2/25,5489.2
2002/3/4,5494.9
2002/3/11,5495.2
2002/3/18,5493.7
2002/3/25,5487.9
2002/4/1,5500.6
2002/4/8,5486.8
2002/4/15,5498.8
2002/4/22,5494.1
2002/4/29,5495.3
2002/5/6,5507.4
2002/5/13,5516.3
2002/5/20,5526.2
2002/5/27,5530.5
2002/6/3,5521
2002/6/10,5534.5
2002/6/17,5545.1
2002/6/24,5550.6
2002/7/1,5565.5
2002/7/8,5560
2002/7/15,5579.7
2002/7/22,5593.5
2002/7/29,5613.2
2002/8/5,5621.5
2002/8/12,5627.7
2002/8/19,5629.4
2002/8/26,5634.2
2002/9/2,5640.5
2002/9/9,5649.9
2002/9/16,5655.6
2002/9/23,5652.4
2002/9/30,5666.6
2002/10/7,5673.4
2002/10/14,5688
2002/10/21,5704.2
2002/10/28,5717.5
2002/11/4,5735
2002/11/11,5743.4
2002/11/18,5754.6
2002/11/25,5746.2
2002/12/2,5768.2
2002/12/9,5762.3
2002/12/16,5775.4
2002/12/23,5771.4
2002/12/30,5773.5
2003/1/6,5784.3
2003/1/13,5794.4
2003/1/20,5808.6
2003/1/27,5817.4
2003/2/3,5814.7
2003/2/10,5837
2003/2/17,5858.1
2003/2/24,5834.1
2003/3/3,5839.8
2003/3/10,5855.6
2003/3/17,5866.8
2003/3/24,5858.6
2003/3/31,5869.2
2003/4/7,5878.8
2003/4/14,5885.6
2003/4/21,5884.7
2003/4/28,5924.2
2003/5/5,5958.8
2003/5/12,5957.7
2003/5/19,5950.2
2003/5/26,5958.6
2003/6/2,5967.9
2003/6/9,5975
2003/6/16,5996.6
2003/6/23,6000
2003/6/30,6014.8
2003/7/7,6033.9
2003/7/14,6029.2
2003/7/21,6036
2003/7/28,6046.8
2003/8/4,6087.3
2003/8/11,6094.9
2003/8/18,6130.1
2003/8/25,6082.6
2003/9/1,6097
2003/9/8,6082.7
2003/9/15,6077.4
2003/9/22,6064.5
2003/9/29,6060.3
2003/10/6,6056.3
2003/10/13,6062.5
2003/10/20,6066.4
2003/10/27,6067.3
2003/11/3,6056
2003/11/10,6069.2
2003/11/17,6073.5
2003/11/24,6061.2
2003/12/1,6072.8
2003/12/8,6064.2
2003/12/15,6065.8
2003/12/22,6068.2
2003/12/29,6064.9
2004/1/5,6064.9
2004/1/12,6063.4
2004/1/19,6068.3
2004/1/26,6082.7
2004/2/2,6096.5
2004/2/9,6096.3
2004/2/16,6115.1
2004/2/23,6119.4
2004/3/1,6129.2
2004/3/8,6124.1
2004/3/15,6139.9
2004/3/22,6160.1
2004/3/29,6167.6
2004/4/5,6173.4
2004/4/12,6171.7
2004/4/19,6175.4
2004/4/26,6207.7
2004/5/3,6238.4
2004/5/10,6259.6
2004/5/17,6281.3
2004/5/24,6268.2
2004/5/31,6271.4
2004/6/7,6262.1
2004/6/14,6271.5
2004/6/21,6272.7
2004/6/28,6271.5
2004/7/5,6268.7
2004/7/12,6281.5
2004/7/19,6280.1
2004/7/26,6290.3
2004/8/2,6293.9
2004/8/9,6298
2004/8/16,6313.6
2004/8/23,6317.5
2004/8/30,6310.3
2004/9/6,6320.7
2004/9/13,6332.9
2004/9/20,6353.6
2004/9/27,6361
2004/10/4,6353.5
2004/10/11,6360.8
2004/10/18,6367.3
2004/10/25,6380.2
2004/11/1,6394
2004/11/8,6386.8
2004/11/15,6399.5
2004/11/22,6405.8
2004/11/29,6402.2
2004/12/6,6405.2
2004/12/13,6411.7
2004/12/20,6428.3
2004/12/27,6431.4
2005/1/3,6387.2
2005/1/10,6396.8
2005/1/17,6415.6
2005/1/24,6417.8
2005/1/31,6414.6
2005/2/7,6424.9
2005/2/14,6425.5
2005/2/21,6440
2005/2/28,6436.9
2005/3/7,6431.6
2005/3/14,6434.5
2005/3/21,6443.3
2005/3/28,6450.3
2005/4/4,6448.7
2005/4/11,6448
2005/4/18,6455.7
2005/4/25,6457.5
2005/5/2,6463.8
2005/5/9,6471.7
2005/5/16,6470.9
2005/5/23,6474.8
2005/5/30,6471.3
2005/6/6,6483.1
2005/6/13,6492.9
2005/6/20,6513.7
2005/6/27,6520.3
2005/7/4,6515.3
2005/7/11,6517.7
2005/7/18,6533.8
2005/7/25,6546.6
2005/8/1,6561.4
2005/8/8,6557.2
2005/8/15,6564.9
2005/8/22,6578.2
2005/8/29,6570.8
2005/9/5,6585.7
2005/9/12,6590.7
2005/9/19,6606.6
2005/9/26,6615.8
2005/10/3,6616.4
2005/10/10,6626.7
2005/10/17,6642.7
2005/10/24,6647
2005/10/31,6640.3
2005/11/7,6641.8
2005/11/14,6649.2
2005/11/21,6664.9
2005/11/28,6654.7
2005/12/5,6663.9
2005/12/12,6670.2
2005/12/19,6682
2005/12/26,6689.1
2006/1/2,6695
2006/1/9,6712.7
2006/1/16,6725.1
2006/1/23,6735.3
2006/1/30,6724.3
2006/2/6,6727
2006/2/13,6732.4
2006/2/20,6756
2006/2/27,6766.4
2006/3/6,6764
2006/3/13,6749.5
2006/3/20,6758.6
2006/3/27,6768.8
2006/4/3,6768.2
2006/4/10,6784.1
2006/4/17,6802.5
2006/4/24,6813.7
2006/5/1,6807.9
2006/5/8,6787.3
2006/5/15,6802.5
2006/5/22,6814.7
2006/5/29,6811.8
2006/6/5,6819.5
2006/6/12,6830.9
2006/6/19,6842.5
2006/6/26,6862.4
2006/7/3,6862.1
2006/7/10,6881.4
2006/7/17,6889.4
2006/7/24,6893
2006/7/31,6884.4
2006/8/7,6895.3
2006/8/14,6903.6
2006/8/21,6928.1
2006/8/28,6926.4
2006/9/4,6934.9
2006/9/11,6934.3
2006/9/18,6936.9
2006/9/25,6948.4
2006/10/2,6959.9
2006/10/9,6984.8
2006/10/16,6992.5
2006/10/23,6999.3
2006/10/30,6997
2006/11/6,7006.7
2006/11/13,7012
2006/11/20,7026.6
2006/11/27,7049.7
2006/12/4,7045.1
2006/12/11,7050.5
2006/12/18,7061.4
2006/12/25,7087.9
2007/1/1,7095.9
2007/1/8,7097
2007/1/15,7114.7
2007/1/22,7110.6
2007/1/29,7106.7
2007/2/5,7114.7
2007/2/12,7115.7
2007/2/19,7121.1
2007/2/26,7139
2007/3/5,7122.9
2007/3/12,7132.9
2007/3/19,7147.6
2007/3/26,7185.1
2007/4/2,7198.3
2007/4/9,7214.3
2007/4/16,7233.1
2007/4/23,7248.1
2007/4/30,7230.7
2007/5/7,7234.2
2007/5/14,7236.3
2007/5/21,7248.5
2007/5/28,7248
2007/6/4,7256.1
2007/6/11,7265.7
2007/6/18,7275.1
2007/6/25,7284.8
2007/7/2,7297.1
2007/7/9,7291.7
2007/7/16,7303.1
2007/7/23,7312.1
2007/7/30,7318.1
2007/8/6,7335.1
2007/8/13,7354.8
2007/8/20,7391.7
2007/8/27,7428.6
2007/9/3,7407.6
2007/9/10,7395.9
2007/9/17,7400.3
2007/9/24,7398.1
2007/10/1,7408.1
2007/10/8,7414.6
2007/10/15,7403.7
2007/10/22,7404.8
2007/10/29,7435.1
2007/11/5,7421.2
2007/11/12,7420.5
2007/11/19,7439.4
2007/11/26,7464.5
2007/12/3,7453
2007/12/10,7464.9
2007/12/17,7468.1
2007/12/24,7472.3
2007/12/31,7479.5
2008/1/7,7475.7
2008/1/14,7470.9
2008/1/21,7502.4
2008/1/28,7536.8
2008/2/4,7565.2
2008/2/11,7574.2
2008/2/18,7576.5
2008/2/25,7607.9
2008/3/3,7617.9
2008/3/10,7630.6
2008/3/17,7655.5
2008/3/24,7670.6
2008/3/31,7671.8
2008/4/7,7690.7
2008/4/14,7692.8
2008/4/21,7717.7
2008/4/28,7686.7
2008/5/5,7685.1
2008/5/12,7698.8
2008/5/19,7705.8
2008/5/26,7726.2
2008/6/2,7723.1
2008/6/9,7720.7
2008/6/16,7723.1
2008/6/23,7732.4
2008/6/30,7727.8
2008/7/7,7749.6
2008/7/14,7760.5
2008/7/21,7787.1
2008/7/28,7784.8
2008/8/4,7786.7
2008/8/11,7792.6
2008/8/18,7782.7
2008/8/25,7789.5
2008/9/1,7782.6
2008/9/8,7763.4
2008/9/15,7779.2
2008/9/22,7939.9
2008/9/29,7945.8
2008/10/6,7914.4
2008/10/13,7956.7
2008/10/20,8000.1
2008/10/27,7972.6
2008/11/3,7965.4
2008/11/10,7979.1
2008/11/17,7997.2
2008/11/24,8025.9
2008/12/1,8082.2
2008/12/8,8139.5
2008/12/15,8180.4
2008/12/22,8209.8
2008/12/29,8225.3
2009/1/5,8257.4
2009/1/12,8252.6
2009/1/19,8266.3
2009/1/26,8291.8
2009/2/2,8289
2009/2/9,8292.4
2009/2/16,8297
2009/2/23,8299.9
2009/3/2,8322
2009/3/9,8358.9
2009/3/16,8393
2009/3/23,8380.8
2009/3/30,8348.4
2009/4/6,8349.8
2009/4/13,8359.2
2009/4/20,8371.7
2009/4/27,8379.5
2009/5/4,8408.2
2009/5/11,8422.9
2009/5/18,8424.1
2009/5/25,8437.6
2009/6/1,8438.5
2009/6/8,8448.8
2009/6/15,8448.5
2009/6/22,8439.8
2009/6/29,8412.9
2009/7/6,8428.9
2009/7/13,8431.9
2009/7/20,8444.2
2009/7/27,8460
2009/8/3,8444.3
2009/8/10,8452.5
2009/8/17,8453.9
2009/8/24,8427.4
2009/8/31,8432.1
2009/9/7,8433.5
2009/9/14,8445.6
2009/9/21,8443.6
2009/9/28,8440.8
2009/10/5,8444.9
2009/10/12,8458.6
2009/10/19,8473.8
2009/10/26,8480.4
2009/11/2,8479
2009/11/9,8494.5
2009/11/16,8500.6
2009/11/23,8501.6
2009/11/30,8501.5
2009/12/7,8515.2
2009/12/14,8505.3
2009/12/21,8492.1
2009/12/28,8479
2010/1/4,8448.4
2010/1/11,8441.6
2010/1/18,8445.3
2010/1/25,8463.7
2010/2/1,8478.2
2010/2/8,8483.7
2010/2/15,8518.2
2010/2/22,8517.4
2010/3/1,8504.8
2010/3/8,8495.8
2010/3/15,8500.8
2010/3/22,8499.9
2010/3/29,8507.3
2010/4/5,8517.8
2010/4/12,8525.1
2010/4/19,8519.4
2010/4/26,8547.1
2010/5/3,8563.6
2010/5/10,8574
2010/5/17,8597.1
2010/5/24,8583
2010/5/31,8606.7
2010/6/7,8606.5
2010/6/14,8594.7
2010/6/21,8616.3
2010/6/28,8615.9
2010/7/5,8583.7
2010/7/12,8605.6
2010/7/19,8612.2
2010/7/26,8633.7
2010/8/2,8645.6
2010/8/9,8658.6
2010/8/16,8666.4
2010/8/23,8667
2010/8/30,8678.4
2010/9/6,8683.6
2010/9/13,8693.8
2010/9/20,8693.2
2010/9/27,8707.1
2010/10/4,8723.9
2010/10/11,8743.7
2010/10/18,8750.2
2010/10/25,8751.5
2010/11/1,8756.7
2010/11/8,8754.7
2010/11/15,8760
2010/11/22,8771.3
2010/11/29,8784.2
2010/12/6,8781.1
2010/12/13,8793.8
2010/12/20,8800.5
2010/12/27,8820.7
2011/1/3,8797.3
2011/1/10,8818.9
2011/1/17,8863.2
2011/1/24,8830.8
2011/1/31,8847.2
2011/2/7,8866.6
2011/2/14,8874.5
2011/2/21,8888.6
2011/2/28,8895.9
2011/3/7,8908.6
2011/3/14,8911.4
2011/3/21,8930.6
2011/3/28,8941.4
2011/4/4,8950.7
2011/4/11,8960.8
2011/4/18,8980.6
2011/4/25,9015.5
2011/5/2,9028.9
2011/5/9,9027.4
2011/5/16,9037.3
2011/5/23,9039.6
2011/5/30,9054.8
2011/6/6,9056.4
2011/6/13,9071.3
2011/6/20,9114.2
2011/6/27,9193.2
2011/7/4,9239.8
2011/7/11,9250.5
2011/7/18,9276.8
2011/7/25,9317.2
2011/8/1,9463.7
2011/8/8,9489.6
2011/8/15,9518.5
2011/8/22,9546.8
2011/8/29,9546.3
2011/9/5,9544.3
2011/9/12,9539
2011/9/19,9535.1
2011/9/26,9562.5
2011/10/3,9572.2
2011/10/10,9579.7
2011/10/17,9588.6
2011/10/24,9568.8
2011/10/31,9587.7
2011/11/7,9611.4
2011/11/14,9629.4
2011/11/21,9616.7
2011/11/28,9623.7
2011/12/5,9634.2
2011/12/12,9655.5
2011/12/19,9647.2
2011/12/26,9647.9
2012/1/2,9725.1
2012/1/9,9732.3
2012/1/16,9741.7
2012/1/23,9737.5
2012/1/30,9744.6
2012/2/6,9760.2
2012/2/13,9780.6
2012/2/20,9786.8
2012/2/27,9788.3
2012/3/5,9809.9
2012/3/12,9819.5
2012/3/19,9814.1
2012/3/26,9834.9
2012/4/2,9857.9
2012/4/9,9874.4
2012/4/16,9889.1
2012/4/23,9872.8
2012/4/30,9894
2012/5/7,9908.5
2012/5/14,9906.2
2012/5/21,9914.7
2012/5/28,9914.7
2012/6/4,9928.6
2012/6/11,9980.6
2012/6/18,9983.3
2012/6/25,9989.9
2012/7/2,10016.4
2012/7/9,10039.3
2012/7/16,10060.1
2012/7/23,10055.9
2012/7/30,10074.2
2012/8/6,10087.1
2012/8/13,10124
2012/8/20,10121.5
2012/8/27,10143.5
2012/9/3,10170.6
2012/9/10,10188.8
2012/9/17,10210
2012/9/24,10205.3
2012/10/1,10254.1
2012/10/8,10252.5
2012/10/15,10259.9
2012/10/22,10252.2
2012/10/29,10296.4
2012/11/5,10344.7
2012/11/12,10315.3
2012/11/19,10305.7
2012/11/26,10329.5
2012/12/3,10369.7
2012/12/10,10402.1
2012/12/17,10448.9
2012/12/24,10479.3
2012/12/31,10522.9
2013/1/7,10508.9
2013/1/14,10481.1
2013/1/21,10463
2013/1/28,10470.6
2013/2/4,10467.5
2013/2/11,10481
2013/2/18,10464.1
2013/2/25,10476.7
2013/3/4,10511.3
2013/3/11,10521.8
2013/3/18,10539.9
2013/3/25,10557.4
2013/4/1,10606.4
2013/4/8,10573.9
2013/4/15,10583.8
2013/4/22,10581.7
2013/4/29,10593.3
2013/5/6,10602.2
2013/5/13,10617.3
2013/5/20,10613.8
2013/5/27,10631.6
2013/6/3,10649.9
2013/6/10,10668.5
2013/6/17,10668.8
2013/6/24,10664.7
2013/7/1,10716.7
2013/7/8,10693.4
2013/7/15,10721.2
2013/7/22,10746.3
2013/7/29,10756.6
2013/8/5,10768.3
2013/8/12,10783.3
2013/8/19,10773.7
2013/8/26,10806
2013/9/2,10821.1
2013/9/9,10813.4
2013/9/16,10815.2
2013/9/23,10849.8
2013/9/30,10897.9
2013/10/7,10902.3
2013/10/14,10939.6
2013/10/21,10997.9
2013/10/28,10977.3
2013/11/4,10959.8
2013/11/11,10942.2
2013/11/18,10948.1
2013/11/25,10975.8
2013/12/2,10995.6
2013/12/9,11012.9
2013/12/16,11015.9
2013/12/23,11038
2013/12/30,11036.1
2014/1/6,11045.5
2014/1/13,11044.1
2014/1/20,11074.4
2014/1/27,11111.5
2014/2/3,11109.6
2014/2/10,11145.3
2014/2/17,11176.8
2014/2/24,11172.3
2014/3/3,11159.5
2014/3/10,11177.7
2014/3/17,11197.7
2014/3/24,11220
2014/3/31,11221
2014/4/7,11225
2014/4/14,11246.4
2014/4/21,11249.3
2014/4/28,11292.7
2014/5/5,11295
2014/5/12,11306.7
2014/5/19,11308.2
2014/5/26,11344.3
2014/6/2,11374.4
2014/6/9,11357.5
2014/6/16,11366.4
2014/6/23,11382.7
2014/6/30,11401.6
2014/7/7,11395
2014/7/14,11427
2014/7/21,11450.9
2014/7/28,11466.4
2014/8/4,11467.8
2014/8/11,11445.8
2014/8/18,11460.8
2014/8/25,11475.6
2014/9/1,11488.4
2014/9/8,11478.7
2014/9/15,11495.2
2014/9/22,11505
2014/9/29,11523
2014/10/6,11538
2014/10/13,11536.4
2014/10/20,11565.3
2014/10/27,11600
2014/11/3,11560.7
2014/11/10,11591.5
2014/11/17,11592.9
2014/11/24,11602.8
2014/12/1,11634.5
2014/12/8,11652
2014/12/15,11669.4
2014/12/22,11688.8
2014/12/29,11701.7
2015/1/5,11686.4
2015/1/12,11712.7
2015/1/19,11723.3
2015/1/26,11765.7
2015/2/2,11825.6
2015/2/9,11834
2015/2/16,11855
2015/2/23,11884.5
2015/3/2,11891.5
2015/3/9,11864.2
2015/3/16,11873.2
2015/3/23,11877.2
2015/3/30,11889.2
2015/4/6,11918.4
2015/4/13,11928
2015/4/20,11933.8
2015/4/27,11922.4
2015/5/4,11925.7
2015/5/11,11939.6
2015/5/18,11951.7
2015/5/25,11976.9
2015/6/1,11990
2015/6/8,11969.7
2015/6/15,11981.1
2015/6/22,12020.6
2015/6/29,12038.4
2015/7/6,12057.3
2015/7/13,12048.4
2015/7/20,12050.7
2015/7/27,12066.7
2015/8/3,12055.5
2015/8/10,12076.2
2015/8/17,12108.5
2015/8/24,12126.4
2015/8/31,12136.7
2015/9/7,12137.4
2015/9/14,12160.7
2015/9/21,12183.3
2015/9/28,12166.9
2015/10/5,12160
2015/10/12,12160.8
2015/10/19,12166.8
2015/10/26,12226
2015/11/2,12266.4
2015/11/9,12271.3
2015/11/16,12282.8
2015/11/23,12293.6
2015/11/30,12289.5
2015/12/7,12301.8
2015/12/14,12316
2015/12/21,12366.1
2015/12/28,12364
2016/1/4,12350.9
2016/1/11,12450.6
2016/1/18,12462
2016/1/25,12500
2016/2/1,12525.8
2016/2/8,12498.2
2016/2/15,12542.3
2016/2/22,12567.1
2016/2/29,12564
2016/3/7,12569.4
2016/3/14,12575.3
2016/3/21,12610.4
2016/3/28,12650
2016/4/4,12651.2
2016/4/11,12664.1
2016/4/18,12685.4
2016/4/25,12724.3
2016/5/2,12749.1
2016/5/9,12752.5
2016/5/16,12761.3
2016/5/23,12780.6
2016/5/30,12765.2
2016/6/6,12783.5
2016/6/13,12831.4
2016/6/20,12847.7
2016/6/27,12852.5
2016/7/4,12848.5
2016/7/11,12861.7
2016/7/18,12886
2016/7/25,12911.1
2016/8/1,12934.9
2016/8/8,12953.9
2016/8/15,12965.6
2016/8/22,12992.9
2016/8/29,12996.3
2016/9/5,13006.8
2016/9/12,13042.6
2016/9/19,13038.7
2016/9/26,13051.7
2016/10/3,13049.8
2016/10/10,13105.3
2016/10/17,13101.6
2016/10/24,13110.4
2016/10/31,13135.3
2016/11/7,13129.1
2016/11/14,13170.1
2016/11/21,13207.2
2016/11/28,13196.8
2016/12/5,13196.9
2016/12/12,13199.3
2016/12/19,13205.4
2016/12/26,13210.2
2017/1/2,13221.1
2017/1/9,13264.1
2017/1/16,13281.1
2017/1/23,13299.3
2017/1/30,13296
2017/2/6,13320.8
2017/2/13,13331.8
2017/2/20,13349
2017/2/27,13382.1
2017/3/6,13378.7
2017/3/13,13414
2017/3/20,13429.9
2017/3/27,13438.5
2017/4/3,13430.7
2017/4/10,13469.3
2017/4/17,13473.4
2017/4/24,13499.2
2017/5/1,13523.5
2017/5/8,13510
2017/5/15,13524.3
2017/5/22,13554.5
2017/5/29,13560.6
2017/6/5,13553.3
2017/6/12,13556.8
2017/6/19,13559
2017/6/26,13588.4
2017/7/3,13569.8
2017/7/10,13615.5
2017/7/17,13628.1
2017/7/24,13636.2
2017/7/31,13648.6
2017/8/7,13655.2
2017/8/14,13659.6
2017/8/21,13695.7
2017/8/28,13710
2017/9/4,13701.6
2017/9/11,13717
2017/9/18,13718
2017/9/25,13735
2017/10/2,13757.8
2017/10/9,13783.9
2017/10/16,13772.6
2017/10/23,13775.7
2017/10/30,13787.7
2017/11/6,13791.6
2017/11/13,13797.9
2017/11/20,13795.8
2017/11/27,13824.4
2017/12/4,13816.4
2017/12/11,13852.1
2017/12/18,13862.4
2017/12/25,13839.8
2018/1/1,13842.3
2018/1/8,13852.2
2018/1/15,13859.3
2018/1/22,13872.7
2018/1/29,13877.2
2018/2/5,13889.5
2018/2/12,13883.2
2018/2/19,13892.9
2018/2/26,13921.9
2018/3/5,13943.6
2018/3/12,13947.1
2018/3/19,13950.5
2018/3/26,13978.1
2018/4/2,13986.8
2018/4/9,13980.4
2018/4/16,13986.4
2018/4/23,14012.2
2018/4/30,14013.1
2018/5/7,14024.9
2018/5/14,14047.5
2018/5/21,14069.1
2018/5/28,14092.4
2018/6/4,14103.9
2018/6/11,14116.2
2018/6/18,14133.3
2018/6/25,14141.7
2018/7/2,14152.7
2018/7/9,14148.8
2018/7/16,14168.8
2018/7/23,14171.3
2018/7/30,14169.1
2018/8/6,14167.8
2018/8/13,14194.5
2018/8/20,14209
2018/8/27,14237.3
2018/9/3,14237.8
2018/9/10,14218.5
2018/9/17,14237.5
2018/9/24,14245.6
2018/10/1,14256.8
2018/10/8,14227.8
2018/10/15,14242.8
2018/10/22,14256.2
2018/10/29,14257.8
2018/11/5,14234.2
2018/11/12,14231.4
2018/11/19,14253.4
2018/11/26,14267
2018/12/3,14311.8
2018/12/10,14331.2
2018/12/17,14324.1
2018/12/24,14393.2
2018/12/31,14422.7
2019/1/7,14417
2019/1/14,14428.3
2019/1/21,14438.9
2019/1/28,14480.2
2019/2/4,14466.4
2019/2/11,14471.5
2019/2/18,14462
2019/2/25,14480
2019/3/4,14496.7
2019/3/11,14509.8
2019/3/18,14505.7
2019/3/25,14529.6
2019/4/1,14558.4
2019/4/8,14551.5
2019/4/15,14562.8
2019/4/22,14552.9
2019/4/29,14596.8
2019/5/6,14613.4
2019/5/13,14621.5
2019/5/20,14662.3
2019/5/27,14704.5
2019/6/3,14735
2019/6/10,14760.9
2019/6/17,14787.7
2019/6/24,14805.9
2019/7/1,14839.7
2019/7/8,14842.4
2019/7/15,14837.5
2019/7/22,14877.5
2019/7/29,14910.7
2019/8/5,14928.7
2019/8/12,14929.9
2019/8/19,14930.3
2019/8/26,14946.9
2019/9/2,14980.7
2019/9/9,14990.4
2019/9/16,15001.8
2019/9/23,15053.9
2019/9/30,15094.1
2019/10/7,15119
2019/10/14,15125.4
2019/10/21,15163.7
2019/10/28,15196.3
2019/11/4,15221.3
2019/11/11,15229.3
2019/11/18,15260.4
2019/11/25,15290.6
2019/12/2,15289.4
2019/12/9,15271.4
2019/12/16,15325.8
2019/12/23,15335.5
2019/12/30,15342.6
2020/1/6,15347.8
2020/1/13,15383.9
2020/1/20,15434.5
2020/1/27,15455.9
2020/2/3,15439.3
2020/2/10,15442
2020/2/17,15452.8
2020/2/24,15443.8
2020/3/2,15521.9
2020/3/9,15577.1
2020/3/16,15735.8
2020/3/23,16160.4
2020/3/30,16541.7
2020/4/6,16606.1
2020/4/13,16725.2
2020/4/20,17085.9
2020/4/27,17415
2020/5/4,17609.7
2020/5/11,17828.9
2020/5/18,17918.8
2020/5/25,17947.2
2020/6/1,17981.2
2020/6/8,18071.6
2020/6/15,18148.6
2020/6/22,18245.4
2020/6/29,18241.1
2020/7/6,18334.2
2020/7/13,18392.2
2020/7/20,18316.3
2020/7/27,18276.8
2020/8/3,18246.8
2020/8/10,18385.3
2020/8/17,18427.7
2020/8/24,18359.8
2020/8/31,18434.2
2020/9/7,18541.8
2020/9/14,18662.2
2020/9/21,18676.6
2020/9/28,18601.1
2020/10/5,18638.9
2020/10/12,18737.7
2020/10/19,18751.8
2020/10/26,18769.6
2020/11/2,18820.4
2020/11/9,18982.5
2020/11/16,19017.7
2020/11/23,19026.1
2020/11/30,18901.3
2020/12/7,19117.8
2020/12/14,19182
2020/12/21,19079.1
2020/12/28,18970.6
2021/1/4,19073
2021/1/11,19445.7
2021/1/18,19462.4
2021/1/25,19413.7
2021/2/1,19411.9
